기준연도,학교구분명,설립형태 구분명,시도코드,시도명,학교명,본분교구분명,입학정원수(총계),인문계열 입학정원수,사회계열 입학정원수,교육계열 입학정원수,공학계열 입학정원수,자연계열 입학정원수,의약계열 입학정원수,예체능계열 입학정원수,데이터기준일자,제공기관코드,제공기관명
2024,전문대학,사립,52,전북특별자치도,전주비전대학교,본교,1049,0,98,40,478,0,310,123,2025-08-22,B090027,한국교육개발원
2024,전문대학,사립,52,전북특별자치도,전주기전대학,본교,788,329,0,60,0,25,270,104,2025-08-22,B090027,한국교육개발원
2024,전문대학,사립,52,전북특별자치도,전북과학대학교,본교,608,5,121,25,173,72,157,55,2025-08-22,B090027,한국교육개발원
2024,전문대학,공립,46,전라남도,전남도립대학교,본교,410,0,50,0,205,80,0,75,2025-08-22,B090027,한국교육개발원
2024,전문대학,사립,46,전라남도,전남과학대학교,본교,1064,0,130,0,220,135,319,260,2025-08-22,B090027,한국교육개발원
2024,전문대학,사립,28,인천광역시,재능대학교,캠퍼스,141,0,0,0,81,60,0,0,2025-08-22,B090027,한국교육개발원
2024,전문대학,사립,28,인천광역시,재능대학교,본교,1172,50,250,94,200,105,163,310,2025-08-22,B090027,한국교육개발원
2024,전문대학,사립,41,경기도,장안대학교,본교,1725,340,555,70,150,180,0,430,2025-08-22,B090027,한국교육개발원
2024,전문대학,사립,28,인천광역시,인하공업전문대학,본교,2553,0,585,0,1688,75,0,205,2025-08-22,B090027,한국교육개발원
2024,전문대학,사립,11,서울특별시,인덕대학교,본교,2066,216,463,0,695,0,0,692,2025-08-22,B090027,한국교육개발원
2024,전문대학,사립,41,경기도,유한대학교,본교,1703,104,342,25,500,300,110,322,2025-08-22,B090027,한국교육개발원
2024,전문대학,사립,52,전북특별자치도,원광보건대학교,본교,1285,0,270,50,40,100,727,98,2025-08-22,B090027,한국교육개발원
2024,전문대학,사립,41,경기도,웅지세무대학교,본교,599,0,599,0,0,0,0,0,2025-08-22,B090027,한국교육개발원
2024,전문대학,사립,31,울산광역시,울산과학대학교,캠퍼스,792,0,32,0,760,0,0,0,2025-08-22,B090027,한국교육개발원
2024,전문대학,사립,31,울산광역시,울산과학대학교,본교,820,0,80,47,90,110,349,144,2025-08-22,B090027,한국교육개발원
2024,전문대학,사립,30,대전광역시,우송정보대학,본교,1475,0,160,56,339,530,120,270,2025-08-22,B090027,한국교육개발원
2024,전문대학,사립,41,경기도,용인예술과학대학교,본교,1070,0,182,50,160,130,145,403,2025-08-22,B090027,한국교육개발원
2024,전문대학,사립,41,경기도,오산대학교,본교,1768,0,365,99,391,211,306,396,2025-08-22,B090027,한국교육개발원
2024,전문대학,사립,27,대구광역시,영진전문대학교,본교,2488,0,433,80,1406,125,224,220,2025-08-22,B090027,한국교육개발원
2024,전문대학,사립,27,대구광역시,영남이공대학교,본교,2177,0,425,0,899,155,373,325,2025-08-22,B090027,한국교육개발원
2024,전문대학,사립,47,경상북도,영남외국어대학,본교,287,16,166,0,20,20,65,0,2025-08-22,B090027,한국교육개발원
2024,전문대학,사립,44,충청남도,연암대학교,본교,483,0,0,0,0,483,0,0,2025-08-22,B090027,한국교육개발원
2024,전문대학,사립,48,경상남도,연암공과대학교,본교,445,0,0,0,445,0,0,0,2025-08-22,B090027,한국교육개발원
2024,전문대학,사립,41,경기도,연성대학교,본교,2222,35,574,169,408,450,85,501,2025-08-22,B090027,한국교육개발원
2024,전문대학,사립,41,경기도,여주대학교,본교,1400,0,165,37,379,49,395,375,2025-08-22,B090027,한국교육개발원
2024,전문대학,사립,41,경기도,안산대학교,본교,1461,0,368,58,80,115,558,282,2025-08-22,B090027,한국교육개발원
2024,전문대학,사립,47,경상북도,안동과학대학교,본교,693,0,45,0,67,130,386,65,2025-08-22,B090027,한국교육개발원
2024,전문대학,사립,44,충청남도,아주자동차대학교,본교,330,0,0,0,330,0,0,0,2025-08-22,B090027,한국교육개발원
2024,전문대학,사립,41,경기도,신안산대학교,본교,1050,0,245,35,180,230,35,325,2025-08-22,B090027,한국교육개발원
2024,전문대학,사립,44,충청남도,신성대학교,본교,1075,0,50,40,395,55,340,195,2025-08-22,B090027,한국교육개발원
2024,전문대학,사립,41,경기도,신구대학교,본교,2293,0,366,163,515,340,400,509,2025-08-22,B090027,한국교육개발원
2024,전문대학,사립,11,서울특별시,숭의여자대학교,본교,1335,70,420,225,70,90,0,460,2025-08-22,B090027,한국교육개발원
2024,전문대학,사립,46,전라남도,순천제일대학교,본교,992,0,91,56,443,52,280,70,2025-08-22,B090027,한국교육개발원
2024,전문대학,사립,41,경기도,수원여자대학교,캠퍼스,386,0,0,0,0,261,30,95,2025-08-22,B090027,한국교육개발원
2024,전문대학,사립,41,경기도,수원여자대학교,본교,1032,0,191,84,0,20,425,312,2025-08-22,B090027,한국교육개발원
2024,전문대학,사립,41,경기도,수원과학대학교,본교,2005,0,680,0,490,144,251,440,2025-08-22,B090027,한국교육개발원
2024,전문대학,사립,27,대구광역시,수성대학교,본교,1190,0,285,130,130,123,315,207,2025-08-22,B090027,한국교육개발원
2024,전문대학,사립,51,강원특별자치도,송호대학교,본교,345,0,78,0,15,60,147,45,2025-08-22,B090027,한국교육개발원
2024,전문대학,사립,51,강원특별자치도,송곡대학교,본교,200,0,13,21,21,36,74,35,2025-08-22,B090027,한국교육개발원
2024,전문대학,사립,51,강원특별자치도,세경대학교,본교,395,0,135,0,52,66,116,26,2025-08-22,B090027,한국교육개발원
2024,전문대학,사립,47,경상북도,성운대학교,본교,540,0,494,0,25,21,0,0,2025-08-22,B090027,한국교육개발원
2024,전문대학,사립,47,경상북도,선린대학교,본교,647,0,94,24,107,12,370,40,2025-08-22,B090027,한국교육개발원
2024,전문대학,사립,41,경기도,서정대학교,본교,1355,0,572,73,230,190,250,40,2025-08-22,B090027,한국교육개발원
2024,전문대학,사립,11,서울특별시,서일대학교,본교,2155,200,345,64,845,101,95,505,2025-08-22,B090027,한국교육개발원
2024,전문대학,사립,41,경기도,서울예술대학교,본교,581,80,69,0,0,0,0,432,2025-08-22,B090027,한국교육개발원
2024,전문대학,사립,11,서울특별시,서울여자간호대학교,본교,168,0,0,0,0,0,168,0,2025-08-22,B090027,한국교육개발원
2024,전문대학,사립,41,경기도,서영대학교,캠퍼스,752,0,100,66,155,50,279,102,2025-08-22,B090027,한국교육개발원
2024,전문대학,사립,29,광주광역시,서영대학교,본교,913,0,125,0,230,70,411,77,2025-08-22,B090027,한국교육개발원
2024,전문대학,사립,11,서울특별시,삼육보건대학교,본교,384,0,32,40,0,0,252,60,2025-08-22,B090027,한국교육개발원
2024,전문대학,사립,41,경기도,부천대학교,본교,2201,0,560,140,685,228,348,240,2025-08-22,B090027,한국교육개발원
2024,전문대학,사립,26,부산광역시,부산예술대학교,본교,390,0,0,0,0,0,75,315,2025-08-22,B090027,한국교육개발원
2024,전문대학,사립,26,부산광역시,부산여자대학교,본교,618,35,105,25,28,122,190,113,2025-08-22,B090027,한국교육개발원
2024,전문대학,사립,26,부산광역시,부산보건대학교,본교,788,0,115,35,0,136,372,130,2025-08-22,B090027,한국교육개발원
2024,전문대학,사립,26,부산광역시,부산과학기술대학교,본교,1194,70,450,25,158,34,245,212,2025-08-22,B090027,한국교육개발원
2024,전문대학,사립,26,부산광역시,부산경상대학교,본교,950,65,390,40,60,155,0,240,2025-08-22,B090027,한국교육개발원
2024,전문대학,사립,52,전북특별자치도,백제예술대학교,본교,413,0,0,0,0,0,0,413,2025-08-22,B090027,한국교육개발원
2024,전문대학,사립,44,충청남도,백석문화대학교,본교,1393,0,250,50,70,190,332,501,2025-08-22,B090027,한국교육개발원
2024,전문대학,사립,11,서울특별시,배화여자대학교,본교,1070,114,348,130,124,286,0,68,2025-08-22,B090027,한국교육개발원
2024,전문대학,사립,47,경상북도,문경대학교,본교,268,0,71,0,0,20,162,15,2025-08-22,B090027,한국교육개발원
2024,전문대학,사립,46,전라남도,목포과학대학교,본교,885,0,314,0,130,75,306,60,2025-08-22,B090027,한국교육개발원
2024,전문대학,사립,11,서울특별시,명지전문대학,본교,2527,190,721,74,947,0,90,505,2025-08-22,B090027,한국교육개발원
2024,전문대학,사립,48,경상남도,마산대학교,본교,1874,70,200,30,225,120,1074,155,2025-08-22,B090027,한국교육개발원
2024,전문대학,사립,41,경기도,두원공과대학교,캠퍼스,890,38,165,0,330,62,80,215,2025-08-22,B090027,한국교육개발원
2024,전문대학,사립,41,경기도,두원공과대학교,본교,546,0,80,21,200,0,245,0,2025-08-22,B090027,한국교육개발원
2024,전문대학,사립,26,부산광역시,동의과학대학교,본교,1309,0,250,40,325,135,364,195,2025-08-22,B090027,한국교육개발원
2024,전문대학,사립,41,경기도,동원대학교,본교,1260,50,320,0,120,190,160,420,2025-08-22,B090027,한국교육개발원
2024,전문대학,사립,48,경상남도,동원과학기술대학교,본교,699,0,140,25,179,62,155,138,2025-08-22,B090027,한국교육개발원
2024,전문대학,사립,11,서울특별시,동양미래대학교,본교,2255,0,448,0,1367,80,80,280,2025-08-22,B090027,한국교육개발원
2024,전문대학,사립,46,전라남도,동아보건대학교,본교,350,0,235,20,0,0,95,0,2025-08-22,B090027,한국교육개발원
2024,전문대학,사립,41,경기도,동아방송예술대학교,본교,823,0,80,0,40,0,0,703,2025-08-22,B090027,한국교육개발원
2024,전문대학,사립,41,경기도,동서울대학교,본교,2289,0,460,40,755,140,0,894,2025-08-22,B090027,한국교육개발원
2024,전문대학,사립,41,경기도,동남보건대학교,본교,1322,0,95,64,114,167,837,45,2025-08-22,B090027,한국교육개발원
2024,전문대학,사립,29,광주광역시,동강대학교,본교,951,0,140,85,215,40,366,105,2025-08-22,B090027,한국교육개발원
2024,전문대학,사립,30,대전광역시,대전보건대학교,본교,1512,0,200,44,154,166,828,120,2025-08-22,B090027,한국교육개발원
2024,전문대학,사립,30,대전광역시,대전과학기술대학교,본교,1300,50,210,45,300,120,355,220,2025-08-22,B090027,한국교육개발원
2024,전문대학,사립,43,충청북도,대원대학교,본교,722,30,125,35,75,0,422,35,2025-08-22,B090027,한국교육개발원
2024,전문대학,사립,41,경기도,대림대학교,본교,2217,60,359,49,973,244,131,401,2025-08-22,B090027,한국교육개발원
2024,전문대학,사립,26,부산광역시,대동대학교,본교,410,0,25,0,0,70,270,45,2025-08-22,B090027,한국교육개발원
2024,전문대학,사립,30,대전광역시,대덕대학교,본교,1187,0,200,44,508,100,35,300,2025-08-22,B090027,한국교육개발원
2024,전문대학,사립,27,대구광역시,대구보건대학교,본교,2128,0,170,50,56,205,1507,140,2025-08-22,B090027,한국교육개발원
2024,전문대학,사립,27,대구광역시,대구과학대학교,본교,1552,0,337,120,260,110,455,270,2025-08-22,B090027,한국교육개발원
2024,전문대학,사립,27,대구광역시,대구공업대학교,본교,530,0,160,25,120,80,0,145,2025-08-22,B090027,한국교육개발원
2024,전문대학,사립,41,경기도,대경대학교,캠퍼스,160,0,0,0,0,0,0,160,2025-08-22,B090027,한국교육개발원
2024,전문대학,사립,47,경상북도,대경대학교,본교,1267,0,255,0,58,328,192,434,2025-08-22,B090027,한국교육개발원
2024,전문대학,사립,41,경기도,농협대학교,본교,58,0,58,0,0,0,0,0,2025-08-22,B090027,한국교육개발원
2024,전문대학,사립,46,전라남도,나주대학교,본교,805,0,500,0,100,30,65,110,2025-08-22,B090027,한국교육개발원
2024,전문대학,사립,48,경상남도,김해대학교,본교,477,0,66,20,40,24,267,60,2025-08-22,B090027,한국교육개발원
2024,전문대학,사립,41,경기도,김포대학교,본교,852,60,250,72,40,60,0,370,2025-08-22,B090027,한국교육개발원
2024,전문대학,사립,29,광주광역시,기독간호대학교,본교,122,0,0,0,0,0,122,0,2025-08-22,B090027,한국교육개발원
2024,전문대학,사립,52,전북특별자치도,군장대학교,본교,646,0,239,0,145,70,130,62,2025-08-22,B090027,한국교육개발원
2024,전문대학,사립,52,전북특별자치도,군산간호대학교,본교,221,0,0,0,0,0,221,0,2025-08-22,B090027,한국교육개발원
2024,전문대학,사립,41,경기도,국제대학교,본교,1139,0,160,40,298,115,111,415,2025-08-22,B090027,한국교육개발원
2024,전문대학,사립,47,경상북도,구미대학교,본교,1351,0,187,60,427,90,482,105,2025-08-22,B090027,한국교육개발원
2024,전문대학,사립,29,광주광역시,광주보건대학교,본교,1104,0,206,41,40,70,747,0,2025-08-22,B090027,한국교육개발원
2024,전문대학,사립,46,전라남도,광양보건대학교,본교,373,0,25,20,48,0,260,20,2025-08-22,B090027,한국교육개발원
2024,전문대학,사립,41,경기도,계원예술대학교,본교,994,0,0,0,0,0,0,994,2025-08-22,B090027,한국교육개발원
2024,전문대학,사립,27,대구광역시,계명문화대학교,본교,2032,55,465,120,145,310,349,588,2025-08-22,B090027,한국교육개발원
2024,전문대학,사립,28,인천광역시,경인여자대학교,본교,1305,20,430,158,110,158,159,270,2025-08-22,B090027,한국교육개발원
2024,전문대학,사립,47,경상북도,경북전문대학교,본교,796,0,212,23,154,55,330,22,2025-08-22,B090027,한국교육개발원
2024,전문대학,사립,47,경상북도,경북보건대학교,본교,359,0,69,0,0,0,260,30,2025-08-22,B090027,한국교육개발원
2024,전문대학,공립,47,경상북도,경북도립대학교,본교,346,0,75,28,145,25,25,48,2025-08-22,B090027,한국교육개발원
2024,전문대학,사립,47,경상북도,경북과학대학교,본교,662,0,226,37,30,70,199,100,2025-08-22,B090027,한국교육개발원
2024,전문대학,사립,41,경기도,경복대학교,본교,1788,0,244,128,165,60,785,406,2025-08-22,B090027,한국교육개발원
2024,전문대학,사립,41,경기도,경민대학교,본교,1498,50,230,72,212,207,285,442,2025-08-22,B090027,한국교육개발원
2024,전문대학,사립,26,부산광역시,경남정보대학교,캠퍼스,110,30,30,0,0,0,0,50,2025-08-22,B090027,한국교육개발원
2024,전문대학,사립,26,부산광역시,경남정보대학교,본교,1899,0,359,50,470,210,540,270,2025-08-22,B090027,한국교육개발원
2024,전문대학,공립,48,경상남도,경남도립남해대학,본교,350,0,90,0,130,100,30,0,2025-08-22,B090027,한국교육개발원
2024,전문대학,공립,48,경상남도,경남도립거창대학,본교,354,0,34,0,163,34,99,24,2025-08-22,B090027,한국교육개발원
2024,전문대학,사립,41,경기도,경기과학기술대학교,본교,1330,0,140,0,764,0,51,375,2025-08-22,B090027,한국교육개발원
2024,전문대학,사립,48,경상남도,거제대학교,본교,357,0,57,30,107,53,110,0,2025-08-22,B090027,한국교육개발원
2024,전문대학,공립,51,강원특별자치도,강원도립대학교,본교,314,0,75,0,137,62,0,40,2025-08-22,B090027,한국교육개발원
2024,전문대학,사립,51,강원특별자치도,강릉영동대학교,본교,809,0,180,25,90,45,279,190,2025-08-22,B090027,한국교육개발원
2024,전문대학,사립,43,충청북도,강동대학교,본교,1191,0,362,40,320,0,269,200,2025-08-22,B090027,한국교육개발원
2024,전문대학,사립,47,경상북도,가톨릭상지대학교,본교,549,24,125,25,83,48,229,15,2025-08-22,B090027,한국교육개발원
2024,대학교,사립,51,강원특별자치도,한림대학교,본교,1825,294,600,65,367,268,181,50,2025-08-22,B090027,한국교육개발원
2024,대학교,사립,51,강원특별자치도,한라대학교,본교,897,15,310,0,450,0,0,122,2025-08-22,B090027,한국교육개발원
2024,대학교,사립,47,경상북도,한동대학교,본교,729,0,729,0,0,0,0,0,2025-08-22,B090027,한국교육개발원
2024,대학교,사립,30,대전광역시,한남대학교,캠퍼스,301,0,0,0,84,217,0,0,2025-08-22,B090027,한국교육개발원
2024,대학교,사립,30,대전광역시,한남대학교,본교,2414,424,890,170,514,90,60,266,2025-08-22,B090027,한국교육개발원
2024,대학교,사립,41,경기도,한국항공대학교,본교,841,30,104,0,707,0,0,0,2025-08-22,B090027,한국교육개발원
2024,대학교,사립,30,대전광역시,한국침례신학대학교,본교,182,124,0,35,0,0,0,23,2025-08-22,B090027,한국교육개발원
2024,대학교,국립,11,서울특별시,한국체육대학교,본교,535,0,60,30,0,0,0,445,2025-08-22,B090027,한국교육개발원
2024,대학교,국립,44,충청남도,한국전통문화대학교,본교,140,65,0,0,35,0,0,40,2025-08-22,B090027,한국교육개발원
2024,대학교,사립,41,경기도,한국외국어대학교,캠퍼스,1701,654,270,0,419,358,0,0,2025-08-22,B090027,한국교육개발원
2024,대학교,사립,11,서울특별시,한국외국어대학교,본교,1774,1015,614,47,49,49,0,0,2025-08-22,B090027,한국교육개발원
2024,대학교,국립,46,전라남도,한국에너지공과대학교,본교,100,0,0,0,100,0,0,0,2025-08-22,B090027,한국교육개발원
2024,대학교,사립,11,서울특별시,한국성서대학교,본교,223,63,40,40,35,0,45,0,2025-08-22,B090027,한국교육개발원
2024,대학교,사립,44,충청남도,한국기술교육대학교,본교,836,0,148,0,688,0,0,0,2025-08-22,B090027,한국교육개발원
2024,대학교,국립,43,충청북도,한국교원대학교,본교,546,0,0,546,0,0,0,0,2025-08-22,B090027,한국교육개발원
2024,대학교,국립,30,대전광역시,한국과학기술원,본교,970,30,0,0,611,329,0,0,2025-08-22,B090027,한국교육개발원
2024,대학교,사립,41,경기도,한국공학대학교,본교,1380,0,140,0,1056,85,0,99,2025-08-22,B090027,한국교육개발원
2024,대학교,국립,41,경기도,한경국립대학교,캠퍼스,184,13,40,27,32,0,15,57,2025-08-22,B090027,한국교육개발원
2024,대학교,국립,41,경기도,한경국립대학교,본교,1087,80,82,0,451,419,0,55,2025-08-22,B090027,한국교육개발원
2024,대학교,사립,47,경상북도,포항공과대학교,본교,320,0,0,0,320,0,0,0,2025-08-22,B090027,한국교육개발원
2024,대학교,사립,41,경기도,평택대학교,본교,805,110,262,0,210,40,0,183,2025-08-22,B090027,한국교육개발원
2024,대학교,사립,41,경기도,칼빈대학교,본교,90,30,15,0,0,25,0,20,2025-08-22,B090027,한국교육개발원
2024,대학교,국립,43,충청북도,충북대학교,본교,2963,315,436,235,951,829,159,38,2025-08-22,B090027,한국교육개발원
2024,대학교,국립,30,대전광역시,충남대학교,본교,3652,438,627,200,1078,871,250,188,2025-08-22,B090027,한국교육개발원
2024,대학교,사립,11,서울특별시,추계예술대학교,본교,250,20,0,0,0,0,0,230,2025-08-22,B090027,한국교육개발원
2024,대학교,사립,11,서울특별시,총신대학교,본교,307,76,58,119,0,0,0,54,2025-08-22,B090027,한국교육개발원
2024,대학교,사립,46,전라남도,초당대학교,본교,717,0,217,0,180,65,235,20,2025-08-22,B090027,한국교육개발원
2024,대학교,사립,43,충청북도,청주대학교,본교,2637,83,783,76,621,250,313,511,2025-08-22,B090027,한국교육개발원
2024,대학교,사립,48,경상남도,창신대학교,본교,345,0,65,30,60,15,135,40,2025-08-22,B090027,한국교육개발원
2024,대학교,사립,41,경기도,차의과학대학교,본교,504,0,374,0,0,0,130,0,2025-08-22,B090027,한국교육개발원
2024,대학교,사립,43,충청북도,중원대학교,본교,758,15,150,0,212,35,202,144,2025-08-22,B090027,한국교육개발원
2024,대학교,사립,41,경기도,중앙승가대학교,본교,120,60,60,0,0,0,0,0,2025-08-22,B090027,한국교육개발원
2024,대학교,사립,41,경기도,중앙대학교,캠퍼스,1168,0,0,0,171,325,0,672,2025-08-22,B090027,한국교육개발원
2024,대학교,사립,11,서울특별시,중앙대학교,본교,3210,355,1121,140,926,166,406,96,2025-08-22,B090027,한국교육개발원
2024,대학교,사립,41,경기도,중부대학교,캠퍼스,865,0,200,120,270,0,0,275,2025-08-22,B090027,한국교육개발원
2024,대학교,사립,44,충청남도,중부대학교,본교,820,70,400,0,0,102,133,115,2025-08-22,B090027,한국교육개발원
2024,대학교,사립,29,광주광역시,조선대학교,본교,4343,673,900,286,1333,365,400,386,2025-08-22,B090027,한국교육개발원
2024,대학교,국립,50,제주특별자치도,제주대학교,본교,2166,202,557,261,390,477,140,139,2025-08-22,B090027,한국교육개발원
2024,대학교,사립,50,제주특별자치도,제주국제대학교,본교,370,0,140,0,130,0,0,100,2025-08-22,B090027,한국교육개발원
2024,대학교,사립,52,전북특별자치도,전주대학교,본교,2512,270,626,210,552,219,306,329,2025-08-22,B090027,한국교육개발원
2024,대학교,국립,52,전북특별자치도,전북대학교,캠퍼스,168,0,0,0,0,168,0,0,2025-08-22,B090027,한국교육개발원
2024,대학교,국립,52,전북특별자치도,전북대학교,본교,3776,394,616,215,1315,769,312,155,2025-08-22,B090027,한국교육개발원
2024,대학교,국립,46,전라남도,전남대학교,캠퍼스,802,95,180,0,253,202,50,22,2025-08-22,B090027,한국교육개발원
2024,대학교,국립,29,광주광역시,전남대학교,본교,3578,420,448,337,1109,822,273,169,2025-08-22,B090027,한국교육개발원
2024,대학교,사립,11,서울특별시,장로회신학대학교,본교,150,50,0,50,0,0,0,50,2025-08-22,B090027,한국교육개발원
2024,대학교,사립,28,인천광역시,인하대학교,본교,3444,432,645,175,1426,400,133,233,2025-08-22,B090027,한국교육개발원
2024,대학교,국립,28,인천광역시,인천대학교,본교,2516,257,589,118,948,372,0,232,2025-08-22,B090027,한국교육개발원
2024,대학교,사립,28,인천광역시,인천가톨릭대학교,캠퍼스,153,22,0,0,0,0,48,83,2025-08-22,B090027,한국교육개발원
2024,대학교,사립,28,인천광역시,인천가톨릭대학교,본교,12,12,0,0,0,0,0,0,2025-08-22,B090027,한국교육개발원
2024,대학교,사립,26,부산광역시,인제대학교,캠퍼스,110,0,0,0,0,0,110,0,2025-08-22,B090027,한국교육개발원
2024,대학교,사립,48,경상남도,인제대학교,본교,1512,63,274,46,429,225,367,108,2025-08-22,B090027,한국교육개발원
2024,대학교,사립,11,서울특별시,이화여자대학교,캠퍼스,76,0,0,0,0,0,76,0,2025-08-22,B090027,한국교육개발원
2024,대학교,사립,11,서울특별시,이화여자대학교,본교,3121,430,553,408,511,534,198,487,2025-08-22,B090027,한국교육개발원
2024,대학교,사립,41,경기도,을지대학교,캠퍼스,121,0,0,0,0,0,121,0,2025-08-22,B090027,한국교육개발원
2024,대학교,사립,41,경기도,을지대학교,캠퍼스,868,0,143,0,40,160,525,0,2025-08-22,B090027,한국교육개발원
2024,대학교,사립,30,대전광역시,을지대학교,본교,40,0,0,0,0,0,40,0,2025-08-22,B090027,한국교육개발원
2024,대학교,사립,44,충청남도,유원대학교,캠퍼스,415,20,110,80,60,0,75,70,2025-08-22,B090027,한국교육개발원
2024,대학교,사립,43,충청북도,유원대학교,본교,460,0,186,0,0,70,164,40,2025-08-22,B090027,한국교육개발원
2024,대학교,사립,47,경상북도,위덕대학교,본교,556,60,120,70,25,45,161,75,2025-08-22,B090027,한국교육개발원
2024,대학교,사립,52,전북특별자치도,원광대학교,본교,2891,131,603,284,704,251,580,338,2025-08-22,B090027,한국교육개발원
2024,대학교,사립,31,울산광역시,울산대학교,본교,2504,256,517,0,1030,305,139,257,2025-08-22,B090027,한국교육개발원
2024,대학교,국립,31,울산광역시,울산과학기술원,본교,400,0,30,0,370,0,0,0,2025-08-22,B090027,한국교육개발원
2024,대학교,사립,30,대전광역시,우송대학교,본교,2004,67,440,42,590,380,275,210,2025-08-22,B090027,한국교육개발원
2024,대학교,사립,43,충청북도,우석대학교,캠퍼스,375,50,150,0,55,60,0,60,2025-08-22,B090027,한국교육개발원
2024,대학교,사립,52,전북특별자치도,우석대학교,본교,1132,45,230,119,95,70,360,213,2025-08-22,B090027,한국교육개발원
2024,대학교,사립,41,경기도,용인대학교,본교,1262,95,170,30,75,110,30,752,2025-08-22,B090027,한국교육개발원
2024,대학교,사립,41,경기도,예원예술대학교,캠퍼스,89,0,0,0,0,0,0,89,2025-08-22,B090027,한국교육개발원
2024,대학교,사립,52,전북특별자치도,예원예술대학교,본교,142,0,0,0,0,0,0,142,2025-08-22,B090027,한국교육개발원
2024,대학교,사립,52,전북특별자치도,예수대학교,본교,115,0,0,0,0,0,115,0,2025-08-22,B090027,한국교육개발원
2024,대학교,사립,46,전라남도,영산선학대학교,본교,50,50,0,0,0,0,0,0,2025-08-22,B090027,한국교육개발원
2024,대학교,사립,48,경상남도,영산대학교,캠퍼스,611,90,281,0,0,0,175,65,2025-08-22,B090027,한국교육개발원
2024,대학교,사립,26,부산광역시,영산대학교,본교,720,0,175,0,0,165,20,360,2025-08-22,B090027,한국교육개발원
2024,대학교,사립,47,경상북도,영남신학대학교,본교,115,72,20,23,0,0,0,0,2025-08-22,B090027,한국교육개발원
2024,대학교,사립,47,경상북도,영남대학교,본교,4587,685,970,220,1513,642,146,411,2025-08-22,B090027,한국교육개발원
2024,대학교,사립,51,강원특별자치도,연세대학교 미래캠퍼스,분교,1409,702,46,0,220,40,346,55,2025-08-22,B090027,한국교육개발원
2024,대학교,사립,28,인천광역시,연세대학교,캠퍼스,457,317,10,0,100,0,30,0,2025-08-22,B090027,한국교육개발원
2024,대학교,사립,11,서울특별시,연세대학교,본교,3038,451,721,100,793,541,243,189,2025-08-22,B090027,한국교육개발원
2024,대학교,사립,28,인천광역시,안양대학교,캠퍼스,149,0,21,0,57,23,0,48,2025-08-22,B090027,한국교육개발원
2024,대학교,사립,41,경기도,안양대학교,본교,977,146,210,63,377,102,0,79,2025-08-22,B090027,한국교육개발원
2024,대학교,사립,41,경기도,아주대학교,본교,1936,214,442,0,866,264,140,10,2025-08-22,B090027,한국교육개발원
2024,대학교,사립,41,경기도,아신대학교,본교,65,65,0,0,0,0,0,0,2025-08-22,B090027,한국교육개발원
2024,대학교,사립,41,경기도,신한대학교,캠퍼스,1285,30,300,64,225,44,228,394,2025-08-22,B090027,한국교육개발원
2024,대학교,사립,41,경기도,신한대학교,본교,120,0,0,0,30,0,90,0,2025-08-22,B090027,한국교육개발원
2024,대학교,사립,26,부산광역시,신라대학교,본교,1640,75,480,200,388,145,167,185,2025-08-22,B090027,한국교육개발원
2024,대학교,사립,47,경상북도,신경주대학교,본교,890,40,155,0,150,145,160,240,2025-08-22,B090027,한국교육개발원
2024,대학교,사립,11,서울특별시,숭실대학교,본교,2675,349,793,28,1197,221,0,87,2025-08-22,B090027,한국교육개발원
2024,대학교,사립,44,충청남도,순천향대학교,본교,2352,125,629,70,779,170,403,176,2025-08-22,B090027,한국교육개발원
2024,대학교,사립,11,서울특별시,숙명여자대학교,본교,2170,402,653,74,403,258,80,300,2025-08-22,B090027,한국교육개발원
2024,대학교,사립,41,경기도,수원대학교,본교,2130,157,415,0,723,235,63,537,2025-08-22,B090027,한국교육개발원
2024,대학교,사립,41,경기도,수원가톨릭대학교,본교,90,90,0,0,0,0,0,0,2025-08-22,B090027,한국교육개발원
2024,대학교,사립,29,광주광역시,송원대학교,본교,645,0,146,41,165,0,188,105,2025-08-22,B090027,한국교육개발원
2024,대학교,사립,44,충청남도,세한대학교,캠퍼스,389,36,105,0,98,20,0,130,2025-08-22,B090027,한국교육개발원
2024,대학교,사립,46,전라남도,세한대학교,본교,428,20,65,60,0,0,208,75,2025-08-22,B090027,한국교육개발원
2024,대학교,사립,11,서울특별시,세종대학교,본교,2495,138,407,17,1402,306,0,225,2025-08-22,B090027,한국교육개발원
2024,대학교,사립,43,충청북도,세명대학교,본교,1551,75,390,0,353,155,290,288,2025-08-22,B090027,한국교육개발원
2024,대학교,사립,11,서울특별시,성신여자대학교,캠퍼스,574,19,25,0,40,289,88,113,2025-08-22,B090027,한국교육개발원
2024,대학교,사립,11,서울특별시,성신여자대학교,본교,1486,282,336,105,271,129,0,363,2025-08-22,B090027,한국교육개발원
2024,대학교,사립,41,경기도,성균관대학교,캠퍼스,1664,0,0,0,1110,375,105,74,2025-08-22,B090027,한국교육개발원
2024,대학교,사립,11,서울특별시,성균관대학교,본교,1783,431,998,140,0,36,0,178,2025-08-22,B090027,한국교육개발원
2024,대학교,사립,11,서울특별시,성공회대학교,본교,502,80,292,0,130,0,0,0,2025-08-22,B090027,한국교육개발원
2024,대학교,사립,41,경기도,성결대학교,본교,1228,270,420,80,305,0,0,153,2025-08-22,B090027,한국교육개발원
2024,대학교,사립,44,충청남도,선문대학교,본교,2053,351,405,0,711,0,365,221,2025-08-22,B090027,한국교육개발원
2024,대학교,사립,43,충청북도,서원대학교,본교,1622,50,505,292,155,290,90,240,2025-08-22,B090027,한국교육개발원
2024,대학교,사립,11,서울특별시,서울한영대학교,본교,180,60,80,40,0,0,0,0,2025-08-22,B090027,한국교육개발원
2024,대학교,사립,41,경기도,서울장신대학교,본교,85,23,41,0,0,0,0,21,2025-08-22,B090027,한국교육개발원
2024,대학교,사립,11,서울특별시,서울여자대학교,본교,1636,423,447,30,159,372,0,205,2025-08-22,B090027,한국교육개발원
2024,대학교,사립,41,경기도,서울신학대학교,본교,457,113,154,75,41,0,0,74,2025-08-22,B090027,한국교육개발원
2024,대학교,공립,11,서울특별시,서울시립대학교,본교,1747,168,597,0,559,291,0,132,2025-08-22,B090027,한국교육개발원
2024,대학교,국립,11,서울특별시,서울대학교,캠퍼스,63,0,0,0,0,0,63,0,2025-08-22,B090027,한국교육개발원
2024,대학교,국립,11,서울특별시,서울대학교,본교,3388,445,473,312,950,763,198,247,2025-08-22,B090027,한국교육개발원
2024,대학교,사립,11,서울특별시,서울기독대학교,본교,136,24,54,0,0,0,0,58,2025-08-22,B090027,한국교육개발원
2024,대학교,국립,11,서울특별시,서울과학기술대학교,본교,2177,96,148,0,1536,137,0,260,2025-08-22,B090027,한국교육개발원
2024,대학교,사립,11,서울특별시,서경대학교,본교,1309,80,270,0,360,80,0,519,2025-08-22,B090027,한국교육개발원
2024,대학교,사립,11,서울특별시,서강대학교,본교,1602,323,654,0,415,210,0,0,2025-08-22,B090027,한국교육개발원
2024,대학교,사립,51,강원특별자치도,상지대학교,본교,1551,125,405,38,215,85,318,365,2025-08-22,B090027,한국교육개발원
2024,대학교,사립,44,충청남도,상명대학교,캠퍼스,1305,175,109,0,424,39,62,496,2025-08-22,B090027,한국교육개발원
2024,대학교,사립,11,서울특별시,상명대학교,본교,1302,92,357,142,379,136,0,196,2025-08-22,B090027,한국교육개발원
2024,대학교,사립,11,서울특별시,삼육대학교,본교,1157,218,90,35,240,254,169,151,2025-08-22,B090027,한국교육개발원
2024,대학교,사립,48,경상남도,부산장신대학교,본교,32,12,0,20,0,0,0,0,2025-08-22,B090027,한국교육개발원
2024,대학교,사립,26,부산광역시,부산외국어대학교,본교,1470,1265,85,0,0,0,0,120,2025-08-22,B090027,한국교육개발원
2024,대학교,국립,48,경상남도,부산대학교,캠퍼스,293,0,0,0,0,0,293,0,2025-08-22,B090027,한국교육개발원
2024,대학교,국립,48,경상남도,부산대학교,캠퍼스,445,0,0,0,244,201,0,0,2025-08-22,B090027,한국교육개발원
2024,대학교,국립,26,부산광역시,부산대학교,본교,3573,442,650,305,1278,525,60,313,2025-08-22,B090027,한국교육개발원
2024,대학교,사립,26,부산광역시,부산가톨릭대학교,본교,697,0,140,45,110,0,402,0,2025-08-22,B090027,한국교육개발원
2024,대학교,사립,44,충청남도,백석대학교,본교,2790,180,912,210,463,0,400,625,2025-08-22,B090027,한국교육개발원
2024,대학교,사립,30,대전광역시,배재대학교,본교,1798,289,403,35,260,274,88,449,2025-08-22,B090027,한국교육개발원
2024,대학교,사립,46,전라남도,목포가톨릭대학교,본교,120,0,16,14,0,0,90,0,2025-08-22,B090027,한국교육개발원
2024,대학교,사립,30,대전광역시,목원대학교,본교,1815,112,419,168,337,106,53,620,2025-08-22,B090027,한국교육개발원
2024,대학교,사립,41,경기도,명지대학교 자연캠퍼스,본교,1264,0,1,0,811,163,0,289,2025-08-22,B090027,한국교육개발원
2024,대학교,사립,11,서울특별시,명지대학교 인문캠퍼스,캠퍼스,1263,512,649,0,100,0,0,2,2025-08-22,B090027,한국교육개발원
2024,대학교,사립,41,경기도,루터대학교,본교,85,28,33,24,0,0,0,0,2025-08-22,B090027,한국교육개발원
2024,대학교,사립,26,부산광역시,동의대학교,본교,3514,270,1165,60,1105,245,319,350,2025-08-22,B090027,한국교육개발원
2024,대학교,사립,41,경기도,동양대학교,캠퍼스,474,0,100,0,200,0,0,174,2025-08-22,B090027,한국교육개발원
2024,대학교,사립,47,경상북도,동양대학교,본교,536,0,36,30,308,0,132,30,2025-08-22,B090027,한국교육개발원
2024,대학교,사립,26,부산광역시,동아대학교,캠퍼스,1519,180,1175,0,0,0,164,0,2025-08-22,B090027,한국교육개발원
2024,대학교,사립,26,부산광역시,동아대학교,본교,2539,185,40,35,1265,515,0,499,2025-08-22,B090027,한국교육개발원
2024,대학교,사립,46,전라남도,동신대학교,본교,1440,90,336,60,245,85,409,215,2025-08-22,B090027,한국교육개발원
2024,대학교,사립,26,부산광역시,동서대학교,캠퍼스,178,0,84,0,0,0,0,94,2025-08-22,B090027,한국교육개발원
2024,대학교,사립,26,부산광역시,동서대학교,본교,1916,90,499,0,552,35,250,490,2025-08-22,B090027,한국교육개발원
2024,대학교,사립,26,부산광역시,동명대학교,본교,1459,105,295,40,305,155,194,365,2025-08-22,B090027,한국교육개발원
2024,대학교,사립,11,서울특별시,동덕여자대학교,본교,1577,279,540,0,0,178,40,540,2025-08-22,B090027,한국교육개발원
2024,대학교,사립,41,경기도,동국대학교,캠퍼스,203,0,0,0,0,173,30,0,2025-08-22,B090027,한국교육개발원
2024,대학교,사립,47,경상북도,동국대학교,분교,1743,336,445,105,302,95,270,190,2025-08-22,B090027,한국교육개발원
2024,대학교,사립,11,서울특별시,동국대학교,본교,2620,356,824,212,884,157,0,187,2025-08-22,B090027,한국교육개발원
2024,대학교,사립,11,서울특별시,덕성여자대학교,본교,1175,583,0,37,80,301,80,94,2025-08-22,B090027,한국교육개발원
2024,대학교,사립,41,경기도,대진대학교,본교,1703,279,380,4,589,96,95,260,2025-08-22,B090027,한국교육개발원
2024,대학교,사립,30,대전광역시,대전신학대학교,본교,32,32,0,0,0,0,0,0,2025-08-22,B090027,한국교육개발원
2024,대학교,사립,30,대전광역시,대전대학교,본교,1812,175,425,70,450,50,337,305,2025-08-22,B090027,한국교육개발원
2024,대학교,사립,36,세종특별자치시,대전가톨릭대학교,본교,40,40,0,0,0,0,0,0,2025-08-22,B090027,한국교육개발원
2024,대학교,사립,47,경상북도,대신대학교,본교,116,96,0,0,0,0,0,20,2025-08-22,B090027,한국교육개발원
2024,대학교,사립,47,경상북도,대구한의대학교,본교,1456,205,165,20,0,705,321,40,2025-08-22,B090027,한국교육개발원
2024,대학교,사립,47,경상북도,대구예술대학교,본교,300,0,0,0,0,0,0,300,2025-08-22,B090027,한국교육개발원
2024,대학교,사립,27,대구광역시,대구대학교,캠퍼스,129,0,0,0,0,0,129,0,2025-08-22,B090027,한국교육개발원
2024,대학교,사립,47,경상북도,대구대학교,본교,3693,435,1199,495,636,214,288,426,2025-08-22,B090027,한국교육개발원
2024,대학교,국립,27,대구광역시,대구경북과학기술원,본교,200,0,0,0,0,200,0,0,2025-08-22,B090027,한국교육개발원
2024,대학교,사립,27,대구광역시,대구가톨릭대학교,캠퍼스,14,14,0,0,0,0,0,0,2025-08-22,B090027,한국교육개발원
2024,대학교,사립,27,대구광역시,대구가톨릭대학교,캠퍼스,165,0,0,0,0,0,165,0,2025-08-22,B090027,한국교육개발원
2024,대학교,사립,47,경상북도,대구가톨릭대학교,본교,2289,0,738,170,598,287,190,306,2025-08-22,B090027,한국교육개발원
2024,대학교,사립,44,충청남도,단국대학교,캠퍼스,2311,441,277,0,224,668,372,329,2025-08-22,B090027,한국교육개발원
2024,대학교,사립,41,경기도,단국대학교,본교,2275,182,737,165,816,35,0,340,2025-08-22,B090027,한국교육개발원
2024,대학교,사립,44,충청남도,남서울대학교,본교,2187,95,786,0,544,105,258,399,2025-08-22,B090027,한국교육개발원
2024,대학교,사립,29,광주광역시,남부대학교,본교,617,1,43,52,40,45,336,100,2025-08-22,B090027,한국교육개발원
2024,대학교,사립,44,충청남도,나사렛대학교,본교,1191,90,430,170,85,0,185,231,2025-08-22,B090027,한국교육개발원
2024,대학교,사립,47,경상북도,김천대학교,본교,634,20,68,14,80,0,352,100,2025-08-22,B090027,한국교육개발원
2024,대학교,사립,44,충청남도,금강대학교,본교,110,110,0,0,0,0,0,0,2025-08-22,B090027,한국교육개발원
2024,대학교,사립,43,충청북도,극동대학교,본교,888,0,151,174,160,60,186,157,2025-08-22,B090027,한국교육개발원
2024,대학교,사립,11,서울특별시,국민대학교,본교,2966,292,813,34,951,310,0,566,2025-08-22,B090027,한국교육개발원
2024,대학교,국립,30,대전광역시,국립한밭대학교,본교,1916,181,238,0,1250,119,0,128,2025-08-22,B090027,한국교육개발원
2024,대학교,국립,26,부산광역시,국립한국해양대학교,본교,1372,55,210,0,972,112,0,23,2025-08-22,B090027,한국교육개발원
2024,대학교,국립,41,경기도,국립한국교통대학교,캠퍼스,211,0,37,0,174,0,0,0,2025-08-22,B090027,한국교육개발원
2024,대학교,국립,43,충청북도,국립한국교통대학교,캠퍼스,217,0,2,13,0,74,128,0,2025-08-22,B090027,한국교육개발원
2024,대학교,국립,43,충청북도,국립한국교통대학교,본교,1476,161,210,27,1007,0,0,71,2025-08-22,B090027,한국교육개발원
2024,대학교,국립,48,경상남도,국립창원대학교,본교,1738,239,468,34,529,262,36,170,2025-08-22,B090027,한국교육개발원
2024,대학교,국립,47,경상북도,국립안동대학교,본교,1309,154,255,167,302,287,74,70,2025-08-22,B090027,한국교육개발원
2024,대학교,국립,46,전라남도,국립순천대학교,본교,1573,146,315,150,404,347,92,119,2025-08-22,B090027,한국교육개발원
2024,대학교,국립,26,부산광역시,국립부경대학교,본교,3298,283,628,24,1576,610,60,117,2025-08-22,B090027,한국교육개발원
2024,대학교,국립,46,전라남도,국립목포해양대학교,본교,695,0,0,0,644,31,0,20,2025-08-22,B090027,한국교육개발원
2024,대학교,국립,46,전라남도,국립목포대학교,본교,1484,171,333,75,473,215,107,110,2025-08-22,B090027,한국교육개발원
2024,대학교,국립,47,경상북도,국립금오공과대학교,본교,1245,0,40,0,1107,98,0,0,2025-08-22,B090027,한국교육개발원
2024,대학교,국립,52,전북특별자치도,국립군산대학교,본교,1723,172,345,0,750,310,40,106,2025-08-22,B090027,한국교육개발원
2024,대학교,국립,44,충청남도,국립공주대학교,캠퍼스,367,0,72,0,48,247,0,0,2025-08-22,B090027,한국교육개발원
2024,대학교,국립,44,충청남도,국립공주대학교,캠퍼스,931,0,0,0,862,32,0,37,2025-08-22,B090027,한국교육개발원
2024,대학교,국립,44,충청남도,국립공주대학교,본교,1517,158,306,508,0,241,117,187,2025-08-22,B090027,한국교육개발원
2024,대학교,국립,51,강원특별자치도,국립강릉원주대학교,캠퍼스,485,0,62,60,288,0,75,0,2025-08-22,B090027,한국교육개발원
2024,대학교,국립,51,강원특별자치도,국립강릉원주대학교,본교,1210,156,287,0,258,303,70,136,2025-08-22,B090027,한국교육개발원
2024,대학교,사립,29,광주광역시,광주여자대학교,본교,897,0,310,80,25,193,239,50,2025-08-22,B090027,한국교육개발원
2024,대학교,사립,29,광주광역시,광주대학교,본교,1304,328,307,56,160,0,248,205,2025-08-22,B090027,한국교육개발원
2024,대학교,국립,29,광주광역시,광주과학기술원,본교,200,200,0,0,0,0,0,0,2025-08-22,B090027,한국교육개발원
2024,대학교,사립,46,전라남도,광주가톨릭대학교,본교,40,40,0,0,0,0,0,0,2025-08-22,B090027,한국교육개발원
2024,대학교,사립,11,서울특별시,광운대학교,본교,1816,105,476,0,1028,170,0,37,2025-08-22,B090027,한국교육개발원
2024,대학교,사립,29,광주광역시,광신대학교,본교,105,35,29,12,0,0,0,29,2025-08-22,B090027,한국교육개발원
2024,대학교,사립,26,부산광역시,고신대학교,캠퍼스,76,0,0,0,0,0,76,0,2025-08-22,B090027,한국교육개발원
2024,대학교,사립,26,부산광역시,고신대학교,본교,708,70,190,103,20,70,200,55,2025-08-22,B090027,한국교육개발원
2024,대학교,사립,36,세종특별자치시,고려대학교 세종캠퍼스,분교,1379,89,478,0,426,262,33,91,2025-08-22,B090027,한국교육개발원
2024,대학교,사립,11,서울특별시,고려대학교,본교,3992,703,860,370,1066,702,241,50,2025-08-22,B090027,한국교육개발원
2024,대학교,사립,27,대구광역시,계명대학교,캠퍼스,410,0,0,0,0,40,0,370,2025-08-22,B090027,한국교육개발원
2024,대학교,사립,27,대구광역시,계명대학교,본교,4209,682,1230,120,875,405,389,508,2025-08-22,B090027,한국교육개발원
2024,대학교,사립,41,경기도,경희대학교,캠퍼스,2452,291,129,0,1014,467,0,551,2025-08-22,B090027,한국교육개발원
2024,대학교,사립,11,서울특별시,경희대학교,본교,2388,215,832,0,144,502,463,232,2025-08-22,B090027,한국교육개발원
2024,대학교,사립,47,경상북도,경일대학교,본교,1521,20,260,45,453,62,187,494,2025-08-22,B090027,한국교육개발원
2024,대학교,사립,47,경상북도,경운대학교,본교,1184,0,205,0,580,0,399,0,2025-08-22,B090027,한국교육개발원
2024,대학교,사립,26,부산광역시,경성대학교,본교,2765,450,744,44,551,308,151,517,2025-08-22,B090027,한국교육개발원
2024,대학교,국립,48,경상남도,경상국립대학교,캠퍼스,30,0,0,0,30,0,0,0,2025-08-22,B090027,한국교육개발원
2024,대학교,국립,48,경상남도,경상국립대학교,캠퍼스,281,0,64,0,110,107,0,0,2025-08-22,B090027,한국교육개발원
2024,대학교,국립,48,경상남도,경상국립대학교,본교,3950,387,682,309,1183,1096,218,75,2025-08-22,B090027,한국교육개발원
2024,대학교,국립,47,경상북도,경북대학교,캠퍼스,715,0,25,0,292,271,24,103,2025-08-22,B090027,한국교육개발원
2024,대학교,국립,27,대구광역시,경북대학교,캠퍼스,280,0,0,0,0,0,280,0,2025-08-22,B090027,한국교육개발원
2024,대학교,국립,27,대구광역시,경북대학교,본교,4046,499,544,299,1464,1028,72,140,2025-08-22,B090027,한국교육개발원
2024,대학교,사립,41,경기도,경동대학교,캠퍼스,712,0,239,100,183,65,25,100,2025-08-22,B090027,한국교육개발원
2024,대학교,사립,51,강원특별자치도,경동대학교,캠퍼스,842,0,0,0,20,0,822,0,2025-08-22,B090027,한국교육개발원
2024,대학교,사립,51,강원특별자치도,경동대학교,본교,1,0,1,0,0,0,0,0,2025-08-22,B090027,한국교육개발원
2024,대학교,사립,48,경상남도,경남대학교,본교,2050,145,510,380,475,100,240,200,2025-08-22,B090027,한국교육개발원
2024,대학교,사립,11,서울특별시,경기대학교,캠퍼스,328,0,207,0,0,0,0,121,2025-08-22,B090027,한국교육개발원
2024,대학교,사립,41,경기도,경기대학교,본교,2628,356,819,19,937,168,0,329,2025-08-22,B090027,한국교육개발원
2024,대학교,사립,30,대전광역시,건양대학교,캠퍼스,929,0,60,0,90,60,669,50,2025-08-22,B090027,한국교육개발원
2024,대학교,사립,44,충청남도,건양대학교,본교,702,0,224,90,147,33,100,108,2025-08-22,B090027,한국교육개발원
2024,대학교,사립,43,충청북도,건국대학교,분교,1569,160,313,40,328,253,134,341,2025-08-22,B090027,한국교육개발원
2024,대학교,사립,11,서울특별시,건국대학교,본교,3000,228,570,150,1103,702,0,247,2025-08-22,B090027,한국교육개발원
2024,대학교,국립,51,강원특별자치도,강원대학교,캠퍼스,1329,60,152,14,616,111,229,147,2025-08-22,B090027,한국교육개발원
2024,대학교,국립,51,강원특별자치도,강원대학교,본교,3136,306,551,240,874,800,184,181,2025-08-22,B090027,한국교육개발원
2024,대학교,사립,11,서울특별시,강서대학교,본교,277,50,118,0,0,30,49,30,2025-08-22,B090027,한국교육개발원
2024,대학교,사립,41,경기도,강남대학교,본교,1491,167,615,115,459,0,0,135,2025-08-22,B090027,한국교육개발원
2024,대학교,사립,11,서울특별시,감리교신학대학교,본교,154,154,0,0,0,0,0,0,2025-08-22,B090027,한국교육개발원
2024,대학교,사립,11,서울특별시,가톨릭대학교,캠퍼스,50,50,0,0,0,0,0,0,2025-08-22,B090027,한국교육개발원
2024,대학교,사립,11,서울특별시,가톨릭대학교,캠퍼스,173,0,0,0,0,0,173,0,2025-08-22,B090027,한국교육개발원
2024,대학교,사립,41,경기도,가톨릭대학교,본교,1574,337,422,30,312,398,30,45,2025-08-22,B090027,한국교육개발원
2024,대학교,사립,43,충청북도,가톨릭꽃동네대학교,본교,108,0,30,0,0,0,78,0,2025-08-22,B090027,한국교육개발원
2024,대학교,사립,51,강원특별자치도,가톨릭관동대학교,본교,1644,20,445,220,424,70,255,210,2025-08-22,B090027,한국교육개발원
2024,대학교,사립,28,인천광역시,가천대학교,캠퍼스,565,0,0,0,0,100,465,0,2025-08-22,B090027,한국교육개발원
2024,대학교,사립,41,경기도,가천대학교,본교,3616,361,840,60,1480,490,120,265,2025-08-22,B090027,한국교육개발원
2024,대학교,사립,48,경상남도,가야대학교,본교,440,0,80,26,0,0,334,0,2025-08-22,B090027,한국교육개발원
2024,교육대학,국립,51,강원특별자치도,춘천교육대학교,본교,321,0,0,321,0,0,0,0,2025-08-22,B090027,한국교육개발원
2024,교육대학,국립,43,충청북도,청주교육대학교,본교,286,0,0,286,0,0,0,0,2025-08-22,B090027,한국교육개발원
2024,교육대학,국립,48,경상남도,진주교육대학교,본교,319,0,0,319,0,0,0,0,2025-08-22,B090027,한국교육개발원
2024,교육대학,국립,52,전북특별자치도,전주교육대학교,본교,285,0,0,285,0,0,0,0,2025-08-22,B090027,한국교육개발원
2024,교육대학,국립,11,서울특별시,서울교육대학교,본교,355,0,0,355,0,0,0,0,2025-08-22,B090027,한국교육개발원
2024,교육대학,국립,26,부산광역시,부산교육대학교,본교,356,0,0,356,0,0,0,0,2025-08-22,B090027,한국교육개발원
2024,교육대학,국립,27,대구광역시,대구교육대학교,본교,383,0,0,383,0,0,0,0,2025-08-22,B090027,한국교육개발원
2024,교육대학,국립,29,광주광역시,광주교육대학교,본교,326,0,0,326,0,0,0,0,2025-08-22,B090027,한국교육개발원
2024,교육대학,국립,44,충청남도,공주교육대학교,본교,354,0,0,354,0,0,0,0,2025-08-22,B090027,한국교육개발원
2024,교육대학,국립,28,인천광역시,경인교육대학교,본교,598,0,0,598,0,0,0,0,2025-08-22,B090027,한국교육개발원
2024,전문대학,사립,47,경상북도,호산대학교,본교,676,0,301,0,71,20,259,25,2025-08-22,B090027,한국교육개발원
2024,전문대학,사립,44,충청남도,혜전대학교,본교,882,0,105,35,50,345,347,0,2025-08-22,B090027,한국교육개발원
2024,전문대학,사립,46,전라남도,한영대학교,본교,512,108,0,0,301,30,73,0,2025-08-22,B090027,한국교육개발원
2024,전문대학,사립,11,서울특별시,한양여자대학교,본교,2426,333,697,145,276,114,70,791,2025-08-22,B090027,한국교육개발원
2024,전문대학,사립,51,강원특별자치도,한림성심대학교,본교,817,0,98,64,66,85,332,172,2025-08-22,B090027,한국교육개발원
2024,전문대학,사립,36,세종특별자치시,한국영상대학교,본교,1089,40,0,0,5,0,0,1044,2025-08-22,B090027,한국교육개발원
2024,전문대학,사립,48,경상남도,한국승강기대학교,본교,277,0,0,0,277,0,0,0,2025-08-22,B090027,한국교육개발원
2024,전문대학,국립,52,전북특별자치도,한국농수산대학교,본교,570,0,14,0,12,544,0,0,2025-08-22,B090027,한국교육개발원
2024,전문대학,사립,41,경기도,한국관광대학교,본교,902,110,490,0,0,302,0,0,2025-08-22,B090027,한국교육개발원
2024,전문대학,사립,51,강원특별자치도,한국골프대학교,본교,160,0,0,0,0,0,0,160,2025-08-22,B090027,한국교육개발원
2024,전문대학,사립,47,경상북도,포항대학교,본교,690,0,128,25,300,25,212,0,2025-08-22,B090027,한국교육개발원
2024,전문대학,사립,43,충청북도,충청대학교,본교,1334,0,240,26,270,165,314,319,2025-08-22,B090027,한국교육개발원
2024,전문대학,사립,43,충청북도,충북보건과학대학교,본교,909,0,110,0,197,152,370,80,2025-08-22,B090027,한국교육개발원
2024,전문대학,공립,43,충청북도,충북도립대학교,캠퍼스,60,0,0,0,0,60,0,0,2025-08-22,B090027,한국교육개발원
2024,전문대학,공립,43,충청북도,충북도립대학교,본교,340,0,100,0,145,65,0,30,2025-08-22,B090027,한국교육개발원
2024,전문대학,공립,44,충청남도,충남도립대학교,본교,422,0,125,0,105,82,70,40,2025-08-22,B090027,한국교육개발원
2024,전문대학,사립,31,울산광역시,춘해보건대학교,본교,660,0,48,25,23,0,554,10,2025-08-22,B090027,한국교육개발원
2024,전문대학,사립,46,전라남도,청암대학교,본교,815,0,210,0,95,70,355,85,2025-08-22,B090027,한국교육개발원
2024,전문대학,사립,41,경기도,청강문화산업대학교,본교,1122,92,0,0,245,72,0,713,2025-08-22,B090027,한국교육개발원
2024,전문대학,사립,48,경상남도,창원문성대학교,본교,253,0,30,0,60,50,88,25,2025-08-22,B090027,한국교육개발원
2024,전문대학,사립,48,경상남도,진주보건대학교,본교,674,0,125,0,0,0,491,58,2025-08-22,B090027,한국교육개발원
2024,전문대학,사립,29,광주광역시,조선이공대학교,본교,1443,0,190,0,753,190,0,310,2025-08-22,B090027,한국교육개발원
2024,전문대학,사립,29,광주광역시,조선간호대학교,본교,139,0,0,0,0,0,139,0,2025-08-22,B090027,한국교육개발원
2024,전문대학,사립,50,제주특별자치도,제주한라대학교,본교,1439,70,360,70,75,208,474,182,2025-08-22,B090027,한국교육개발원
2024,전문대학,사립,50,제주특별자치도,제주관광대학교,본교,750,25,233,40,135,40,177,100,2025-08-22,B090027,한국교육개발원
2024,일반대학원,사립,36,세종특별자치시,고려대학교 일반대학원,분교,4,0,4,0,0,0,0,0,2025-08-22,B090027,한국교육개발원
2024,일반대학원,사립,11,서울특별시,고려대학교 대학원,본교,131,30,19,0,10,36,23,13,2025-08-22,B090027,한국교육개발원
2024,일반대학원,사립,11,서울특별시,경희대학교대학원,본교,2,0,2,0,0,0,0,0,2025-08-22,B090027,한국교육개발원
2024,일반대학원,국립,48,경상남도,경상국립대학교 일반대학원,캠퍼스,1,0,0,0,1,0,0,0,2025-08-22,B090027,한국교육개발원
2024,일반대학원,국립,48,경상남도,경상국립대학교 대학원,본교,134,27,45,0,40,22,0,0,2025-08-22,B090027,한국교육개발원
2024,일반대학원,국립,47,경상북도,경북대학교 일반대학원,캠퍼스,24,0,0,0,24,0,0,0,2025-08-22,B090027,한국교육개발원
2024,일반대학원,국립,27,대구광역시,경북대학교 일반대학원,캠퍼스,12,0,0,0,0,0,12,0,2025-08-22,B090027,한국교육개발원
2024,일반대학원,국립,27,대구광역시,경북대학교 일반대학원,본교,166,12,62,0,77,10,2,3,2025-08-22,B090027,한국교육개발원
2024,일반대학원,사립,11,서울특별시,경기대학교 일반대학원,캠퍼스,42,13,20,0,0,0,7,2,2025-08-22,B090027,한국교육개발원
2024,일반대학원,사립,41,경기도,경기대학교 일반대학원,본교,49,14,6,4,21,0,0,4,2025-08-22,B090027,한국교육개발원
2024,일반대학원,사립,11,서울특별시,건국대학교일반대학원,본교,99,54,16,0,28,1,0,0,2025-08-22,B090027,한국교육개발원
2024,일반대학원,국립,51,강원특별자치도,강원대학교일반대학원,본교,114,5,1,3,30,58,17,0,2025-08-22,B090027,한국교육개발원
2024,일반대학원,사립,41,경기도,가톨릭대학교대학원,본교,47,0,17,30,0,0,0,0,2025-08-22,B090027,한국교육개발원
2024,일반대학원,사립,11,서울특별시,가톨릭대학교 일반대학원,캠퍼스,3,0,0,0,0,0,3,0,2025-08-22,B090027,한국교육개발원
2024,각종대학,국립,11,서울특별시,한국예술종합학교,캠퍼스,193,0,0,0,0,0,0,193,2025-08-22,B090027,한국교육개발원
2024,각종대학,국립,11,서울특별시,한국예술종합학교,본교,365,0,12,0,20,0,0,333,2025-08-22,B090027,한국교육개발원
2024,각종대학,사립,43,충청북도,순복음총회신학교,본교,58,20,33,0,0,0,0,5,2025-08-22,B090027,한국교육개발원
2024,기술대학,사립,11,서울특별시,정석대학,본교,100,0,25,0,75,0,0,0,2025-08-22,B090027,한국교육개발원
2024,산업대학,사립,52,전북특별자치도,호원대학교,본교,1089,0,160,40,85,55,213,536,2025-08-22,B090027,한국교육개발원
2024,산업대학,사립,28,인천광역시,청운대학교,캠퍼스,352,0,112,0,209,31,0,0,2025-08-22,B090027,한국교육개발원
2024,산업대학,사립,44,충청남도,청운대학교,본교,685,0,255,25,40,36,80,249,2025-08-22,B090027,한국교육개발원
2024,방송통신대학,국립,11,서울특별시,한국방송통신대학교,본교,54240,15530,15470,7600,4240,6500,1580,3320,2025-08-22,B090027,한국교육개발원
2024,대학교,사립,41,경기도,화성의과학대학교,본교,282,20,72,0,20,66,40,64,2025-08-22,B090027,한국교육개발원
2024,대학교,사립,36,세종특별자치시,홍익대학교 세종캠퍼스,캠퍼스,1330,0,259,0,783,0,0,288,2025-08-22,B090027,한국교육개발원
2024,대학교,사립,11,서울특별시,홍익대학교,본교,2421,566,415,133,875,0,0,432,2025-08-22,B090027,한국교육개발원
2024,대학교,사립,44,충청남도,호서대학교,캠퍼스,824,198,564,40,12,0,0,10,2025-08-22,B090027,한국교육개발원
2024,대학교,사립,44,충청남도,호서대학교,본교,2057,0,52,0,1134,270,151,450,2025-08-22,B090027,한국교육개발원
2024,대학교,사립,29,광주광역시,호남신학대학교,본교,119,35,34,0,0,0,0,50,2025-08-22,B090027,한국교육개발원
2024,대학교,사립,29,광주광역시,호남대학교,본교,1502,0,376,40,228,0,527,331,2025-08-22,B090027,한국교육개발원
2024,대학교,사립,41,경기도,협성대학교,본교,1004,120,387,40,160,40,40,217,2025-08-22,B090027,한국교육개발원
2024,대학교,사립,52,전북특별자치도,한일장신대학교,본교,219,45,37,0,0,0,62,75,2025-08-22,B090027,한국교육개발원
2024,대학교,사립,41,경기도,한양대학교,분교,1910,236,332,0,919,125,30,268,2025-08-22,B090027,한국교육개발원
2024,대학교,사립,11,서울특별시,한양대학교,본교,2906,185,724,105,1017,413,175,287,2025-08-22,B090027,한국교육개발원
2024,대학교,사립,41,경기도,한신대학교,본교,1193,348,483,0,248,82,0,32,2025-08-22,B090027,한국교육개발원
2024,대학교,사립,41,경기도,한세대학교,본교,566,90,206,0,47,0,40,183,2025-08-22,B090027,한국교육개발원
2024,대학교,사립,11,서울특별시,한성대학교,본교,1498,255,386,0,566,0,0,291,2025-08-22,B090027,한국교육개발원
2024,대학교,사립,44,충청남도,한서대학교,캠퍼스,405,0,0,0,405,0,0,0,2025-08-22,B090027,한국교육개발원
2024,대학교,사립,44,충청남도,한서대학교,본교,1129,87,265,0,177,60,260,280,2025-08-22,B090027,한국교육개발원
2024,일반대학원,사립,28,인천광역시,연세대학교 일반대학원,캠퍼스,73,0,0,0,0,64,9,0,2025-08-22,B090027,한국교육개발원
2024,일반대학원,사립,11,서울특별시,연세대학교 대학원,본교,178,42,45,20,51,20,0,0,2025-08-22,B090027,한국교육개발원
2024,일반대학원,사립,41,경기도,아주대학교대학원,본교,25,0,0,0,25,0,0,0,2025-08-22,B090027,한국교육개발원
2024,일반대학원,사립,11,서울특별시,숭실대학교 대학원,본교,265,11,37,0,217,0,0,0,2025-08-22,B090027,한국교육개발원
2024,일반대학원,사립,44,충청남도,순천향대학교대학원,본교,43,0,3,0,29,0,4,7,2025-08-22,B090027,한국교육개발원
2024,일반대학원,사립,11,서울특별시,숙명여자대학교 일반대학원,본교,56,4,29,0,9,8,0,6,2025-08-22,B090027,한국교육개발원
2024,일반대학원,사립,11,서울특별시,세종대학교일반대학원,본교,95,0,9,0,15,62,0,9,2025-08-22,B090027,한국교육개발원
2024,일반대학원,사립,11,서울특별시,성신여자대학교대학원,본교,10,0,0,0,0,0,10,0,2025-08-22,B090027,한국교육개발원
2024,일반대학원,사립,11,서울특별시,서울여자대학교 대학원,본교,20,0,0,0,0,7,13,0,2025-08-22,B090027,한국교육개발원
2024,일반대학원,공립,11,서울특별시,서울시립대학교대학원,본교,68,0,2,0,64,2,0,0,2025-08-22,B090027,한국교육개발원
2024,일반대학원,국립,11,서울특별시,서울대학교 일반대학원,캠퍼스,41,0,0,0,0,13,28,0,2025-08-22,B090027,한국교육개발원
2024,일반대학원,국립,11,서울특별시,서울대학교 대학원,본교,358,28,70,38,147,67,0,8,2025-08-22,B090027,한국교육개발원
2024,일반대학원,사립,11,서울특별시,서강대학교대학원,본교,202,50,126,5,3,18,0,0,2025-08-22,B090027,한국교육개발원
2024,일반대학원,사립,51,강원특별자치도,상지대학교대학원,본교,8,0,3,0,5,0,0,0,2025-08-22,B090027,한국교육개발원
2024,일반대학원,국립,26,부산광역시,부산대학교 일반대학원,본교,239,17,5,30,141,9,11,26,2025-08-22,B090027,한국교육개발원
2024,일반대학원,사립,30,대전광역시,배재대학교대학원,본교,28,0,0,0,28,0,0,0,2025-08-22,B090027,한국교육개발원
2024,일반대학원,사립,11,서울특별시,명지대학교 대학원,캠퍼스,26,19,7,0,0,0,0,0,2025-08-22,B090027,한국교육개발원
2024,일반대학원,사립,41,경기도,명지대학교 대학원,본교,52,0,26,0,12,0,14,0,2025-08-22,B090027,한국교육개발원
2024,일반대학원,사립,26,부산광역시,동의대학교대학원,본교,142,8,15,2,50,7,39,21,2025-08-22,B090027,한국교육개발원
2024,일반대학원,사립,26,부산광역시,동아대학교 대학원,본교,72,0,27,18,14,3,8,2,2025-08-22,B090027,한국교육개발원
2024,일반대학원,사립,47,경상북도,동국대학교 일반대학원,분교,3,0,3,0,0,0,0,0,2025-08-22,B090027,한국교육개발원
2024,일반대학원,사립,11,서울특별시,동국대학교 대학원,본교,122,37,17,0,3,4,54,7,2025-08-22,B090027,한국교육개발원
2024,일반대학원,사립,47,경상북도,대구가톨릭대학교대학원,본교,12,9,0,0,3,0,0,0,2025-08-22,B090027,한국교육개발원
2024,일반대학원,사립,44,충청남도,단국대학교 일반대학원,캠퍼스,11,0,0,0,0,0,11,0,2025-08-22,B090027,한국교육개발원
2024,일반대학원,사립,41,경기도,단국대학교 일반대학원,본교,8,0,8,0,0,0,0,0,2025-08-22,B090027,한국교육개발원
2024,일반대학원,사립,11,서울특별시,국민대학교대학원,본교,30,2,21,7,0,0,0,0,2025-08-22,B090027,한국교육개발원
2024,일반대학원,국립,41,경기도,국립한국교통대학교 대학원,캠퍼스,10,0,0,0,10,0,0,0,2025-08-22,B090027,한국교육개발원
2024,일반대학원,국립,43,충청북도,국립한국교통대학교 대학원,캠퍼스,2,0,0,0,0,0,2,0,2025-08-22,B090027,한국교육개발원
2024,일반대학원,국립,43,충청북도,국립한국교통대학교 대학원,본교,4,0,0,0,0,4,0,0,2025-08-22,B090027,한국교육개발원
2024,일반대학원,국립,47,경상북도,국립안동대학교대학원,본교,2,0,0,0,1,1,0,0,2025-08-22,B090027,한국교육개발원
2024,일반대학원,국립,46,전라남도,국립순천대학교일반대학원,본교,19,5,8,0,1,1,0,4,2025-08-22,B090027,한국교육개발원
2024,일반대학원,국립,26,부산광역시,국립부경대학교대학원,본교,166,4,14,27,64,21,21,15,2025-08-22,B090027,한국교육개발원
2024,일반대학원,국립,46,전라남도,국립목포대학교대학원,본교,68,8,10,0,26,16,2,6,2025-08-22,B090027,한국교육개발원
2024,일반대학원,국립,47,경상북도,국립금오공과대학교대학원,본교,29,0,0,0,29,0,0,0,2025-08-22,B090027,한국교육개발원
2024,일반대학원,국립,44,충청남도,국립공주대학교대학원,캠퍼스,22,0,0,0,22,0,0,0,2025-08-22,B090027,한국교육개발원
2024,일반대학원,국립,44,충청남도,국립공주대학교대학원,본교,37,25,6,2,0,4,0,0,2025-08-22,B090027,한국교육개발원
2024,일반대학원,사립,29,광주광역시,광주대학교 일반대학원,본교,2,0,0,0,2,0,0,0,2025-08-22,B090027,한국교육개발원
2024,일반대학원,사립,11,서울특별시,광운대학교대학원,본교,119,0,66,7,30,0,0,16,2025-08-22,B090027,한국교육개발원
2024,특수대학원,사립,41,경기도,한국공학대학교 산업기술경영대학원,본교,6,0,0,0,6,0,0,0,2025-08-22,B090027,한국교육개발원
2024,특수대학원,사립,51,강원특별자치도,상지대학교 사회융합대학원,본교,1,0,1,0,0,0,0,0,2025-08-22,B090027,한국교육개발원
2024,특수대학원,국립,26,부산광역시,국립부경대학교 글로벌정책대학원,본교,6,0,6,0,0,0,0,0,2025-08-22,B090027,한국교육개발원
2024,특수대학원,국립,46,전라남도,국립목포대학교경영행정대학원,본교,4,0,4,0,0,0,0,0,2025-08-22,B090027,한국교육개발원
2024,특수대학원,국립,44,충청남도,국립공주대학교산업과학대학원,캠퍼스,4,0,4,0,0,0,0,0,2025-08-22,B090027,한국교육개발원
2024,전문대학원,국립,44,충청남도,한국전통문화대학교 문화유산전문대학원,본교,6,6,0,0,0,0,0,0,2025-08-22,B090027,한국교육개발원
2024,전문대학원,사립,41,경기도,한국공학대학교 융합기술에너지대학원,본교,8,0,0,0,8,0,0,0,2025-08-22,B090027,한국교육개발원
2024,전문대학원,사립,11,서울특별시,서강대학교 신학대학원,본교,22,22,0,0,0,0,0,0,2025-08-22,B090027,한국교육개발원
2024,일반대학원,사립,36,세종특별자치시,홍익대학교 일반대학원,캠퍼스,1,0,0,0,1,0,0,0,2025-08-22,B090027,한국교육개발원
2024,일반대학원,사립,11,서울특별시,홍익대학교 대학원,본교,21,0,5,0,5,0,0,11,2025-08-22,B090027,한국교육개발원
2024,일반대학원,사립,11,서울특별시,한양대학교대학원,본교,276,18,29,5,111,64,45,4,2025-08-22,B090027,한국교육개발원
2024,일반대학원,사립,41,경기도,한양대학교 대학원,분교,48,20,0,0,28,0,0,0,2025-08-22,B090027,한국교육개발원
2024,일반대학원,사립,41,경기도,한신대학교대학원,본교,34,10,24,0,0,0,0,0,2025-08-22,B090027,한국교육개발원
2024,일반대학원,사립,11,서울특별시,한성대학교일반대학원,본교,10,0,7,0,0,0,0,3,2025-08-22,B090027,한국교육개발원
2024,일반대학원,사립,44,충청남도,한서대학교대학원,본교,23,0,0,0,20,0,3,0,2025-08-22,B090027,한국교육개발원
2024,일반대학원,사립,51,강원특별자치도,한림대학교대학원,본교,13,2,0,0,0,9,2,0,2025-08-22,B090027,한국교육개발원
2024,일반대학원,사립,30,대전광역시,한남대학교대학원,본교,17,16,0,0,1,0,0,0,2025-08-22,B090027,한국교육개발원
2024,일반대학원,국립,44,충청남도,한국전통문화대학교 일반대학원,본교,6,6,0,0,0,0,0,0,2025-08-22,B090027,한국교육개발원
2024,일반대학원,사립,11,서울특별시,한국외국어대학교 일반대학원,본교,54,54,0,0,0,0,0,0,2025-08-22,B090027,한국교육개발원
2024,일반대학원,국립,43,충청북도,한국교원대학교대학원,본교,22,1,0,21,0,0,0,0,2025-08-22,B090027,한국교육개발원
2024,일반대학원,사립,41,경기도,한국공학대학교 일반대학원,본교,54,0,0,0,47,7,0,0,2025-08-22,B090027,한국교육개발원
2024,일반대학원,사립,47,경상북도,포항공과대학교 대학원,본교,45,0,20,0,0,25,0,0,2025-08-22,B090027,한국교육개발원
2024,일반대학원,국립,43,충청북도,충북대학교 대학원,본교,96,14,47,0,29,3,3,0,2025-08-22,B090027,한국교육개발원
2024,일반대학원,국립,30,대전광역시,충남대학교대학원,본교,167,15,40,8,28,68,8,0,2025-08-22,B090027,한국교육개발원
2024,일반대학원,사립,41,경기도,중앙대학교 대학원,캠퍼스,70,0,0,0,0,58,0,12,2025-08-22,B090027,한국교육개발원
2024,일반대학원,사립,11,서울특별시,중앙대학교 대학원,본교,573,46,92,4,247,64,117,3,2025-08-22,B090027,한국교육개발원
2024,일반대학원,사립,29,광주광역시,조선대학교대학원,본교,139,13,20,0,78,3,21,4,2025-08-22,B090027,한국교육개발원
2024,일반대학원,국립,52,전북특별자치도,전북대학교 대학원,캠퍼스,30,0,0,0,0,26,2,2,2025-08-22,B090027,한국교육개발원
2024,일반대학원,국립,52,전북특별자치도,전북대학교 대학원,본교,230,14,53,11,104,41,0,7,2025-08-22,B090027,한국교육개발원
2024,일반대학원,국립,29,광주광역시,전남대학교대학원,본교,235,36,38,1,101,1,50,8,2025-08-22,B090027,한국교육개발원
2024,일반대학원,사립,28,인천광역시,인하대학교대학원,본교,128,8,39,0,36,45,0,0,2025-08-22,B090027,한국교육개발원
2024,일반대학원,국립,28,인천광역시,인천대학교대학원,본교,19,0,4,4,11,0,0,0,2025-08-22,B090027,한국교육개발원
2024,일반대학원,사립,48,경상남도,인제대학교 일반대학원,본교,111,45,10,0,33,0,23,0,2025-08-22,B090027,한국교육개발원
2024,일반대학원,사립,11,서울특별시,이화여자대학교 대학원,본교,80,29,17,7,0,24,0,3,2025-08-22,B090027,한국교육개발원
2024,일반대학원,사립,52,전북특별자치도,우석대학교 일반대학원,본교,23,8,3,0,12,0,0,0,2025-08-22,B090027,한국교육개발원
2024,일반대학원,사립,41,경기도,용인대학교일반대학원,본교,11,0,11,0,0,0,0,0,2025-08-22,B090027,한국교육개발원
2024,일반대학원,사립,47,경상북도,영남대학교 일반대학원,본교,133,15,26,5,37,2,31,17,2025-08-22,B090027,한국교육개발원
2024,기능대학,사립,51,강원특별자치도,한국폴리텍 III 대학 원주캠퍼스,본교,50,0,0,0,25,0,25,0,2025-08-22,B090027,한국교육개발원
2024,기능대학,사립,51,강원특별자치도,한국폴리텍 III 대학 강릉캠퍼스,본교,60,0,0,0,30,0,0,30,2025-08-22,B090027,한국교육개발원
2024,기능대학,사립,28,인천광역시,한국폴리텍 II 대학 남인천캠퍼스,본교,25,0,0,0,25,0,0,0,2025-08-22,B090027,한국교육개발원
2024,기능대학,사립,50,제주특별자치도,한국폴리텍 I 대학 제주캠퍼스,본교,25,0,0,0,0,0,0,25,2025-08-22,B090027,한국교육개발원
2024,기능대학,사립,41,경기도,한국폴리텍 I 대학 성남캠퍼스,본교,345,0,0,0,345,0,0,0,2025-08-22,B090027,한국교육개발원
2024,기능대학,사립,41,경기도,ICT폴리텍대학,본교,160,0,0,0,160,0,0,0,2025-08-22,B090027,한국교육개발원
2024,전공대학,사립,11,서울특별시,정화예술대학교,캠퍼스,456,0,0,0,0,0,0,456,2025-08-22,B090027,한국교육개발원
2024,전공대학,사립,11,서울특별시,정화예술대학교,본교,1294,0,0,0,0,30,0,1264,2025-08-22,B090027,한국교육개발원
2024,전공대학,사립,11,서울특별시,백석예술대학교,본교,3000,100,440,80,0,250,0,2130,2025-08-22,B090027,한국교육개발원
2024,전공대학,사립,11,서울특별시,국제예술대학교,본교,354,0,0,0,0,0,0,354,2025-08-22,B090027,한국교육개발원
2024,사이버대학,사립,47,경상북도,한국복지사이버대학,본교,1000,210,580,70,0,70,70,0,2025-08-22,B090027,한국교육개발원
2024,사이버대학,사립,27,대구광역시,영진사이버대학교,본교,1300,200,780,0,140,0,0,180,2025-08-22,B090027,한국교육개발원
2024,사이버대학,사립,26,부산광역시,화신사이버대학교,본교,568,0,568,0,0,0,0,0,2025-08-22,B090027,한국교육개발원
2024,사이버대학,사립,11,서울특별시,한양사이버대학교,본교,3440,0,3440,0,0,0,0,0,2025-08-22,B090027,한국교육개발원
2024,사이버대학,사립,11,서울특별시,한국열린사이버대학교,본교,1000,1000,0,0,0,0,0,0,2025-08-22,B090027,한국교육개발원
2024,사이버대학,사립,11,서울특별시,태재대학교,본교,100,100,0,0,0,0,0,0,2025-08-22,B090027,한국교육개발원
2024,사이버대학,사립,52,전북특별자치도,원광디지털대학교,본교,1500,1500,0,0,0,0,0,0,2025-08-22,B090027,한국교육개발원
2024,사이버대학,사립,11,서울특별시,숭실사이버대학교,본교,1650,1650,0,0,0,0,0,0,2025-08-22,B090027,한국교육개발원
2024,사이버대학,사립,11,서울특별시,세종사이버대학교,본교,2180,0,2180,0,0,0,0,0,2025-08-22,B090027,한국교육개발원
2024,사이버대학,사립,11,서울특별시,서울사이버대학교,본교,3270,0,3270,0,0,0,0,0,2025-08-22,B090027,한국교육개발원
2024,사이버대학,사립,11,서울특별시,서울디지털대학교,본교,3000,3000,0,0,0,0,0,0,2025-08-22,B090027,한국교육개발원
2024,사이버대학,사립,11,서울특별시,사이버한국외국어대학교,본교,1750,1750,0,0,0,0,0,0,2025-08-22,B090027,한국교육개발원
2024,사이버대학,사립,26,부산광역시,부산디지털대학교,본교,1000,1000,0,0,0,0,0,0,2025-08-22,B090027,한국교육개발원
2024,사이버대학,사립,11,서울특별시,디지털서울문화예술대학교,본교,990,0,0,0,0,0,0,990,2025-08-22,B090027,한국교육개발원
2024,사이버대학,사립,47,경상북도,대구사이버대학교,본교,1500,0,1500,0,0,0,0,0,2025-08-22,B090027,한국교육개발원
2024,사이버대학,사립,44,충청남도,글로벌사이버대학교,본교,1100,0,1100,0,0,0,0,0,2025-08-22,B090027,한국교육개발원
2024,사이버대학,사립,41,경기도,국제사이버대학교,본교,900,900,0,0,0,0,0,0,2025-08-22,B090027,한국교육개발원
2024,사이버대학,사립,11,서울특별시,고려사이버대학교,본교,2449,2449,0,0,0,0,0,0,2025-08-22,B090027,한국교육개발원
2024,사이버대학,사립,11,서울특별시,경희사이버대학교,본교,3000,0,3000,0,0,0,0,0,2025-08-22,B090027,한국교육개발원
2024,사이버대학,사립,30,대전광역시,건양사이버대학교,본교,1068,1068,0,0,0,0,0,0,2025-08-22,B090027,한국교육개발원
2024,사내대학,사립,41,경기도,삼성전자공과대학교,본교,140,0,0,0,140,0,0,0,2025-08-22,B090027,한국교육개발원
2024,사내대학,사립,46,전라남도,포스코기술대학,캠퍼스,30,0,0,0,30,0,0,0,2025-08-22,B090027,한국교육개발원
2024,사내대학,사립,47,경상북도,포스코기술대학,본교,30,0,0,0,30,0,0,0,2025-08-22,B090027,한국교육개발원
2024,사내대학,사립,11,서울특별시,SPC식품과학대학,본교,25,0,0,0,0,25,0,0,2025-08-22,B090027,한국교육개발원
2024,원격대학,사립,47,경상북도,영남사이버대학교,본교,600,140,220,50,140,0,0,50,2025-08-22,B090027,한국교육개발원
2024,원격대학,사립,41,경기도,세계사이버대학,본교,1300,240,670,0,0,150,0,240,2025-08-22,B090027,한국교육개발원
2024,특수대학원,국립,43,충청북도,한국교원대학교교육대학원,본교,28,0,0,28,0,0,0,0,2025-08-22,B090027,한국교육개발원
2024,기능대학,사립,41,경기도,한국폴리텍특성화대학 반도체융합캠퍼스,본교,302,0,0,0,272,0,0,30,2025-08-22,B090027,한국교육개발원
2024,기능대학,사립,44,충청남도,한국폴리텍대학바이오캠퍼스,본교,160,0,0,0,25,135,0,0,2025-08-22,B090027,한국교육개발원
2024,기능대학,사립,48,경상남도,한국폴리텍대학 항공캠퍼스,본교,170,0,0,0,170,0,0,0,2025-08-22,B090027,한국교육개발원
2024,기능대학,사립,28,인천광역시,한국폴리텍대학 인천캠퍼스,본교,685,0,60,0,565,0,0,60,2025-08-22,B090027,한국교육개발원
2024,기능대학,사립,27,대구광역시,한국폴리텍대학 영남융합기술캠퍼스,본교,145,0,0,0,60,25,0,60,2025-08-22,B090027,한국교육개발원
2024,기능대학,사립,11,서울특별시,한국폴리텍대학 서울정수캠퍼스,본교,515,0,0,0,455,0,0,60,2025-08-22,B090027,한국교육개발원
2024,기능대학,사립,11,서울특별시,한국폴리텍대학 서울강서캠퍼스,본교,255,0,0,0,115,0,30,110,2025-08-22,B090027,한국교육개발원
2024,기능대학,사립,27,대구광역시,한국폴리텍대학 대구캠퍼스,본교,260,0,0,0,260,0,0,0,2025-08-22,B090027,한국교육개발원
2024,기능대학,사립,47,경상북도,한국폴리텍대학 구미캠퍼스,본교,235,0,0,0,235,0,0,0,2025-08-22,B090027,한국교육개발원
2024,기능대학,사립,26,부산광역시,한국폴리텍Ⅶ대학 부산캠퍼스,본교,330,0,0,0,305,0,0,25,2025-08-22,B090027,한국교육개발원
2024,기능대학,사립,52,전북특별자치도,한국폴리텍Ⅴ대학 익산캠퍼스,본교,50,0,0,0,50,0,0,0,2025-08-22,B090027,한국교육개발원
2024,기능대학,사립,46,전라남도,한국폴리텍V대학 전남캠퍼스,본교,75,0,0,0,75,0,0,0,2025-08-22,B090027,한국교육개발원
2024,기능대학,사립,29,광주광역시,한국폴리텍V대학 광주캠퍼스,본교,340,0,0,0,340,0,0,0,2025-08-22,B090027,한국교육개발원
2024,기능대학,사립,48,경상남도,한국폴리텍VII대학 창원캠퍼스,본교,585,0,0,0,585,0,0,0,2025-08-22,B090027,한국교육개발원
2024,기능대학,사립,43,충청북도,한국폴리텍IV 대학 청주캠퍼스,본교,290,0,0,0,290,0,0,0,2025-08-22,B090027,한국교육개발원
2024,기능대학,사립,47,경상북도,한국폴리텍 특성화대학 로봇캠퍼스,본교,100,0,0,0,100,0,0,0,2025-08-22,B090027,한국교육개발원
2024,기능대학,사립,47,경상북도,한국폴리텍 Ⅵ 대학 영주캠퍼스,본교,25,0,0,0,25,0,0,0,2025-08-22,B090027,한국교육개발원
2024,기능대학,사립,31,울산광역시,한국폴리텍 VII 대학 울산캠퍼스,본교,285,0,0,0,285,0,0,0,2025-08-22,B090027,한국교육개발원
2024,기능대학,사립,52,전북특별자치도,한국폴리텍 V 대학 전북캠퍼스,본교,185,0,0,0,160,25,0,0,2025-08-22,B090027,한국교육개발원
2024,기능대학,사립,44,충청남도,한국폴리텍 IV 대학 충남캠퍼스,본교,105,0,0,0,105,0,0,0,2025-08-22,B090027,한국교육개발원
2024,기능대학,사립,44,충청남도,한국폴리텍 IV 대학 아산캠퍼스,본교,195,0,30,0,135,0,0,30,2025-08-22,B090027,한국교육개발원
2024,기능대학,사립,30,대전광역시,한국폴리텍 IV 대학 대전캠퍼스,본교,335,0,0,0,305,0,0,30,2025-08-22,B090027,한국교육개발원
2024,기능대학,사립,51,강원특별자치도,한국폴리텍 III 대학 춘천캠퍼스,본교,125,0,0,0,125,0,0,0,2025-08-22,B090027,한국교육개발원